{"mean": [13.072429906542055, 0, 1.8967725425233648, 14.54497613738318, 2232.1772242990655, 69.53318678504672, 985.9753243457943, 920.4771871028036, 17.10908127102803, 1137.4727718224296, 54.43457943925234, 33.5, 40.032710280373834, 16.00467289719626], "std": [16.414765312479446, 1, 0.3558723359820039, 4.79621982364248, 662.4393270980262, 7.883771091094604, 49.72527013932448, 307.24239550564374, 4.683501634571973, 190.54478375061913, 42.727816243027156, 46.665317626250854, 45.224195979587904, 6.258823800067667]}